{
	"hud_starting_heist" : "Lookin' peng",
	"hud_int_disable_alarm_pager" : "Hold $BTN_INTERACT to answer the mandem",
	"hud_int_pick_lock" : "Crack this lock open",
	"hud_int_equipment_drill" : "Put down tha drill",
	"hud_int_hold_grab_the_bag" : "Hold $BTN_INTERACT to pickup the bloody bag",

	"prop_timer_gui_malfunction" : "BUGGERED",
	"prop_timer_gui_error" : "FOOKED",

	"hud_deploying_equipment" : "Slappin' your equipment down",
	"hud_deploy_valid_help" : "Wrong place you muppet",
	"debug_interact_ammo_bag_take_ammo" : "Hold $BTN_INTERACT to get more mags",
	"debug_interact_doctor_bag_heal" : "Hold $BTN_INTERACT to heal yo self",
	"debug_interact_bodybags_bag_take_bodybag" : "Hold $BTN_INTERACT to grab a bag",

	"hint_cant_stand_up" : "You're too tall for this blud",
	"hint_damage_pad" : "You're bleedin' - don't bloody die on me",
	"hud_hint_mask_off_block_interact" : "Ye gotta put ye mask on yet mate",
	"hint_full_health" : "Stop claimin' your NHS benefits ye broke fook",
	"hint_full_ammo" : "Your mag's already full ye muppet",
	"hint_full_bodybags" : "Go kill more mandem",

	"hud_suspicion_detected" : "Absolute shambles",
	"hud_assault_point_no_return_in" : "This was a cock-up",
	"hud_instruct_mask_on" : "Wagwan bruv, get your mask on",
	"hud_casing_mode_ticker" : "Case the joint"
}
