{
	"menu_visit_forum3" : "Press any key to continue bruv",
	"menu_or_press_any_xbox_button" : "Press any button to continue bruv",
	"menu_inventory_help" : "Check what you're holdin'",
	"menu_options_help" : "Check what settin's you got",
	"menu_credits_help" : "Check the creds",
	"menu_quit_help" : "Get out you wanker",

	"menu_difficulty_normal" : "Easy peasy",
	"menu_difficulty_hard" : "'ave a kip",
	"menu_difficulty_very_hard" : "It's ez fam",
	"menu_difficulty_overkill" : "Not bad",
	"menu_difficulty_easy_wish" : "Tad hard",
	"menu_difficulty_apocalypse" : "Pretty difficult blud",
	"menu_difficulty_sm_wish" : "Bugger that",

	"savefile_saving" : "Savin' yer bloody game",
	"dialog_warning_title" : "Got a problem 'ere mate",
	"dialog_no" : "Nah",
	"dialog_yes" : "Sorted",

	"bm_menu_empty_weapon_slot_buy_info" : "Buy a banger of a gun"
}