{
	"menu_id" : "BritPD_options",
	"parent_menu_id" : "blt_options",
	"title" : "BritPD_options_title",
	"description" : "BritPD_options_desc",
	"items" : [
		{
			"type" : "multiple_choice",
			"id" : "BritPD_optionsmenutitle",
			"title" : "",
			"description" : "BritPD_optionsmenu_title",
			"callback" : "callback_BritPD_optionstitle",
			"items" : ["BritPD_optionsmenu_title"],
			"value" : "BritPD_optionmenu_option"
		},
		{
			"type" : "toggle",
			"id" : "BritPDgame_toggle",
			"title" : "BritPDgame_toggle_title",
			"description" : "BritPDgame_toggle_desc",
			"callback" : "callback_BritPDgame_toggle_option",
			"value" : "optiongame_on"
			"default_value" : true
		},
		{
			"type" : "divider",
			"size" : 10
		},
		{
			"type" : "toggle",
			"id" : "BritPDmenu_toggle",
			"title" : "BritPDmenu_toggle_title",
			"description" : "BritPDmenu_toggle_desc",
			"callback" : "callback_BritPDmenu_toggle_option",
			"value" : "optionmenu_on"
			"default_value" : true
		}
	]
}